book,chapter,verse,orderby,masoretic,retroverted,lxx
Nah,1,1,1,משא,,λημμα
Nah,1,1,2,נינוה,,νινευη
Nah,1,1,3,ספר,,βιβλιον
Nah,1,1,4,חזון,,ορασεως
Nah,1,1,5,נחום,,ναουμ
Nah,1,1,6,האלקשי,,του ελκεσαιου
Nah,1,2,7,אל,,θεος
Nah,1,2,8,קנוא,,ζηλωτης
Nah,1,2,9,ונקם,,και εκδικων
Nah,1,2,10,יהוה,,κυριος
Nah,1,2,11,נקם,,εκδικων
Nah,1,2,12,יהוה,,κυριος
Nah,1,2,13,ובעל חמה,,μετα θυμου
Nah,1,2,14,נקם,,εκδικων
Nah,1,2,15,יהוה,,κυριος
Nah,1,2,16,לצריו,,τους υπεναντιους αυτου
Nah,1,2,17,ונוטר,,και εξαιρων
Nah,1,2,18,הוא,,αυτος
Nah,1,2,19,לאיביו,,τους εχθρους αυτου
Nah,1,3,20,יהוה,,κυριος
Nah,1,3,21,ארך אפים,,μακροθυμος
Nah,1,3,22,*וגדול **וגדל,,και μεγαλη
Nah,1,3,23,כח,,η ισχυς αυτου
Nah,1,3,24,ונקה,,και αθωων
Nah,1,3,25,לא,,ουκ
Nah,1,3,26,ינקה,,αθωωσει
Nah,1,3,27,יהוה,,κυριος
Nah,1,3,28,בסופה •^[Etymological exegesis.] סוף,,εν συντελεια
Nah,1,3,29,ובשערה,,και εν συσσεισμω
Nah,1,3,30,דרכו,,η οδος αυτου
Nah,1,3,31,וענן,,και νεφελαι
Nah,1,3,32,אבק,,κονιορτος
Nah,1,3,33,רגליו,,ποδων αυτου
Nah,1,4,34,גוער,,απειλων
Nah,1,4,35,בים,,θαλασση
Nah,1,4,36,ויבשהו,,και ξηραινων αυτην
Nah,1,4,37,וכל,,και παντας
Nah,1,4,38,הנהרות,,τους ποταμους
Nah,1,4,39,החריב,,εξερημων
Nah,1,4,40,אמלל,,ωλιγωθη
Nah,1,4,41,בשן,,η βασανιτις
Nah,1,4,42,וכרמל,,και ο καρμηλος
Nah,1,4,43,ופרח,,και τα εξανθουντα
Nah,1,4,44,לבנון,,του λιβανου
Nah,1,4,45,אמלל,,εξελιπεν
Nah,1,5,46,הרים,,τα ορη
Nah,1,5,47,רעשו,,εσεισθησαν
Nah,1,5,48,ממנו,,απ' αυτου
Nah,1,5,49,והגבעות,,και οι βουνοι
Nah,1,5,50,התמגגו,,εσαλευθησαν
Nah,1,5,51,ותשא •^[Etymological exegesis.] שאה =vs,,και ανεσταλη
Nah,1,5,52,הארץ,,η γη
Nah,1,5,53,מפניו,,απο προσωπου αυτου
Nah,1,5,54,ותבל,,η συμπασα
Nah,1,5,55,וכל,,και παντες
Nah,1,5,56,ישבי,,οι κατοικουντες
Nah,1,5,57,בה,,εν αυτη
Nah,1,6,58,לפני,,απο προσωπου
Nah,1,6,59,זעמו,,οργης αυτου
Nah,1,6,60,מי,,τις
Nah,1,6,61,יעמוד,,υποστησεται
Nah,1,6,62,ומי,,και τις
Nah,1,6,63,יקום,,αντιστησεται
Nah,1,6,64,בחרון,,εν οργη
Nah,1,6,65,אפו,,θυμου αυτου
Nah,1,6,66,חמתו,,ο θυμος αυτου
Nah,1,6,67,נתכה,,τηκει
Nah,1,6,68,כאש,ראש .kr,αρχας
Nah,1,6,69,והצרים,,και αι πετραι
Nah,1,6,70,נתצו,,διεθρυβησαν
Nah,1,6,71,ממנו,,απ' αυτου
Nah,1,7,72,טוב,,χρηστος
Nah,1,7,73,יהוה,,κυριος
Nah,1,7,74,למעוז,"•^[Questionable notation, equivalent, etc.] •^[Questionable notation, equivalent, etc.]",τοις υπομενουσιν αυτον
Nah,1,7,75,ביום,,εν ημερα
Nah,1,7,76,צרה,,θλιψεως
Nah,1,7,77,וידע,,και γινωσκων
Nah,1,7,78,חסי,,τους ευλαβουμενους
Nah,1,7,79,בו,,αυτον
Nah,1,8,80,ובשטף,,και εν κατακλυσμω
Nah,1,8,81,עבר •^[Etymological exegesis.],,πορειας
Nah,1,8,82,כלה,,συντελειαν
Nah,1,8,83,יעשה,,ποιησεται
Nah,1,8,84,מקומה •^[Etymological exegesis.] קום,,τους επεγειρομενους
Nah,1,8,85,ואיביו,,και τους εχθρους αυτου
Nah,1,8,86,ירדף,,διωξεται
Nah,1,8,87,חשך,,σκοτος
Nah,1,9,88,מה,,τι
Nah,1,9,89,תחשבון,,λογιζεσθε
Nah,1,9,90,אל,,επι
Nah,1,9,91,יהוה,,τον κυριον
Nah,1,9,92,כלה,,συντελειαν
Nah,1,9,93,הוא,,αυτος
Nah,1,9,94,עשה,,ποιησεται
Nah,1,9,95,לא,,ουκ
Nah,1,9,96,תקום •^[Etymological exegesis.] נקם,,εκδικησει
Nah,1,9,97,פעמים,,δις
Nah,1,9,98,•^[Element 'added' in the Greek (plus in the LXX).],,επι το αυτο
Nah,1,9,99,צרה •^[Addition of preposition or particle.],,εν θλιψει
Nah,1,10,100,כי,,οτι
Nah,1,10,101,עד,,εως
Nah,1,10,102,סירים,"יסודם •^[Interchange of consonants between MT and the presumed Hebrew parent text of the LXX (interchange of R/D, etc.)] .y-",θεμελιου αυτων
Nah,1,10,103,סבכים,,χερσωθησεται
Nah,1,10,104,וכסבאם •^[Etymological exegesis.] סיר,,και ως σμιλαξ
Nah,1,10,105,סבואים,סבוכים .אk,περιπλεκομενη
Nah,1,10,106,אכלו •^[Change from active to passive form in verbs.],,βρωθησεται
Nah,1,10,107,כקש,,και ως καλαμη
Nah,1,10,108,יבש,,ξηρασιας
Nah,1,10,109,מלא,,μεστη
Nah,1,11,110,ממך,,εκ σου
Nah,1,11,111,יצא,,εξελευσεται
Nah,1,11,112,חשב,,λογισμος
Nah,1,11,113,על,,κατα
Nah,1,11,114,יהוה,,του κυριου
Nah,1,11,115,רעה,,πονηρα
Nah,1,11,116,יעץ,,λογιζομενος
Nah,1,11,117,בליעל,,εναντια
Nah,1,12,118,כה,,ταδε
Nah,1,12,119,אמר,,λεγει
Nah,1,12,120,יהוה,,κυριος
Nah,1,12,121,אם שלמים,משל מים •^[Different word-division reflected in the parent text of the LXX.],καταρχων υδατων
Nah,1,12,122,וכן,,•^[Hebrew counterpart lacking in the LXX (minus in the LXX).]
Nah,1,12,123,רבים,,πολλων
Nah,1,12,124,וכן,,και ουτως
Nah,1,12,125,נגזו,,διασταλησονται
Nah,1,12,126,ועבר,,•^[Hebrew counterpart lacking in the LXX (minus in the LXX).]
Nah,1,12,127,וענתך •^[Etymological exegesis.],,και η ακοη σου
Nah,1,12,128,לא,,ουκ
Nah,1,12,129,אענך •^[Etymological exegesis.],,ενακουσθησεται
Nah,1,12,130,עוד,,ετι
Nah,1,13,131,ועתה,,και νυν
Nah,1,13,132,אשבר,,συντριψω
Nah,1,13,133,מטהו,,την ραβδον αυτου
Nah,1,13,134,מעליך,,απο σου
Nah,1,13,135,ומוסרתיך,,και τους δεσμους σου
Nah,1,13,136,אנתק,,διαρρηξω
Nah,1,14,137,וצוה,,και εντελειται
Nah,1,14,138,עליך,,υπερ σου
Nah,1,14,139,יהוה,,κυριος
Nah,1,14,140,לא,,ου
Nah,1,14,141,יזרע,,σπαρησεται
Nah,1,14,142,משמך,,εκ του ονοματος σου
Nah,1,14,143,עוד,,ετι
Nah,1,14,144,מבית,,εξ οικου
Nah,1,14,145,אלהיך,,θεου σου
Nah,1,14,146,אכרית,,εξολεθρευσω
Nah,1,14,147,פסל,,τα γλυπτα
Nah,1,14,148,ומסכה,,και χωνευτα
Nah,1,14,149,אשים,,θησομαι
Nah,1,14,150,קברך,,ταφην σου
Nah,1,14,151,כי,,οτι
Nah,1,14,152,קלות,,ταχεις
Nah,2,1,153,הנה,,ιδου
Nah,2,1,154,על,,επι
Nah,2,1,155,ההרים,,τα ορη
Nah,2,1,156,רגלי,,οι ποδες
Nah,2,1,157,מבשר,,ευαγγελιζομενου
Nah,2,1,158,משמיע,,και απαγγελλοντος
Nah,2,1,159,שלום,,ειρηνην
Nah,2,1,160,חגי,,εορταζε
Nah,2,1,161,יהודה,,ιουδα
Nah,2,1,162,חגיך,,τας εορτας σου
Nah,2,1,163,שלמי,,αποδος
Nah,2,1,164,נדריך,,τας ευχας σου
Nah,2,1,165,כי,,διοτι
Nah,2,1,166,לא,,ου μη
Nah,2,1,167,יוסיף,,προσθησωσιν
Nah,2,1,168,עוד,,ετι
Nah,2,1,169,*לעבור **לעבר,,του διελθειν
Nah,2,1,170,בך,,δια σου
Nah,2,1,171,"•^[Equivalent reflected elsewhere in the text, disregarded by indexing program.]",,εις
Nah,2,1,172,בליעל •^[Etymological exegesis.] בלה,,•^[Preposition added in the LXX in accordance with the rules of the Greek language or translational habits.] εις παλαιωσιν
Nah,2,1,173,כלה •^[Difference in vocalization (reading).] •^[Etymological exegesis.],,συντετελεσται
Nah,2,1,174,נכרת,,εξηρται
Nah,2,2,175,עלה,,ανεβη
Nah,2,2,176,מפיץ,מפיח .cx,εμφυσων
Nah,2,2,177,על,,εις
Nah,2,2,178,פניך,,προσωπον σου
Nah,2,2,179,נצור,נוצר,εξαιρουμενος
Nah,2,2,180,מצרה •^[Difference in vocalization (reading).],,εκ θλιψεως
Nah,2,2,181,צפה,,σκοπευσον
Nah,2,2,182,דרך,,οδον
Nah,2,2,183,חזק,,κρατησον
Nah,2,2,184,מתנים,,οσφυος
Nah,2,2,185,אמץ,,ανδρισαι
Nah,2,2,186,כח,,τη ισχυι
Nah,2,2,187,מאד,,σφοδρα
Nah,2,3,188,כי,,διοτι
Nah,2,3,189,שב,,απεστρεψεν
Nah,2,3,190,יהוה,,κυριος
Nah,2,3,191,את גאון,,την υβριν
Nah,2,3,192,יעקב,,ιακωβ
Nah,2,3,193,כגאון,,καθως υβριν
Nah,2,3,194,ישראל,,του ισραηλ
Nah,2,3,195,כי,,διοτι
Nah,2,3,196,בקקום,בקקים,εκτινασσοντες
Nah,2,3,197,בקקים,בקקום,εξετιναξαν αυτους
Nah,2,3,198,וזמריהם,,και τα κληματα αυτων
Nah,2,3,199,שחתו,,διεφθειραν
Nah,2,4,200,מגן,,οπλα
Nah,2,4,201,גבריהו,,δυναστειας αυτων
Nah,2,4,202,מאדם,מאדם •^[Difference in vocalization (reading).],εξ ανθρωπων
Nah,2,4,203,אנשי,,ανδρας
Nah,2,4,204,חיל,,δυνατους
Nah,2,4,205,"מתלעים •^[Etymological exegesis.] •^[Questionable notation, equivalent, etc.] עלל",,εμπαιζοντας
Nah,2,4,206,באש,,εν πυρι
Nah,2,4,207,פלדות,,αι ηνιαι
Nah,2,4,208,הרכב,,των αρματων αυτων
Nah,2,4,209,ביום,,εν ημερα
Nah,2,4,210,הכינו,,ετοιμασιας αυτου
Nah,2,4,211,והברשים,והפרשים .bp,και οι ιππεις
Nah,2,4,212,הרעלו,,θορυβηθησονται
Nah,2,5,213,בחוצות,,εν ταις οδοις
Nah,2,5,214,יתהוללו,,και συγχυθησονται
Nah,2,5,215,הרכב,,τα αρματα
Nah,2,5,216,ישתקשקון,,και συμπλακησονται
Nah,2,5,217,ברחבות,,εν ταις πλατειαις
Nah,2,5,218,מראיהן,,η ορασις αυτων
Nah,2,5,219,כלפידם,,ως λαμπαδες πυρος
Nah,2,5,220,כברקים,,και ως αστραπαι
Nah,2,5,221,ירוצצו,,διατρεχουσαι
Nah,2,6,222,יזכר,,και μνησθησονται
Nah,2,6,223,אדיריו,,οι μεγιστανες αυτων
Nah,2,6,224,•^[Element 'added' in the Greek (plus in the LXX).],,και φευξονται
Nah,2,6,225,•^[Element 'added' in the Greek (plus in the LXX).],,ημερας
Nah,2,6,226,יכשלו,,και ασθενησουσιν
Nah,2,6,227,*בהלכותם **בהליכתם,,εν τη πορεια αυτων
Nah,2,6,228,ימהרו,,και σπευσουσιν
Nah,2,6,229,חומתה,,επι τα τειχη
Nah,2,6,230,והכן,,και ετοιμασουσιν
Nah,2,6,231,הסכך,,τας προφυλακας αυτων
Nah,2,7,232,שערי,,πυλαι
Nah,2,7,233,הנהרות,,των ποταμων
Nah,2,7,234,נפתחו,,διηνοιχθησαν
Nah,2,7,235,וההיכל,,και τα βασιλεια
Nah,2,7,236,נמוג,,διεπεσεν
Nah,2,8,237,והצב,ומצב .hm,και η υποστασις
Nah,2,8,238,גלתה,,απεκαλυφθη
Nah,2,8,239,העלתה,,και αυτη ανεβαινεν
Nah,2,8,240,ואמהתיה,,και αι δουλαι αυτης
Nah,2,8,241,מנהגות,,ηγοντο
Nah,2,8,242,כקול,,καθως •^[Hebrew counterpart lacking in the LXX (minus in the LXX).]
Nah,2,8,243,יונים,,περιστεραι
Nah,2,8,244,מתפפת,,φθεγγομεναι
Nah,2,8,245,על,,εν
Nah,2,8,246,לבבהן,,καρδιαις αυτων
Nah,2,9,247,ונינוה,,και νινευη
Nah,2,9,248,כברכת,,ως κολυμβηθρα
Nah,2,9,249,מים,,υδατος
Nah,2,9,250,מימי היא,מימיה •^[Two words of MT joined into one word in the parent text of the LXX.],τα υδατα αυτης
Nah,2,9,251,והמה,,και αυτοι
Nah,2,9,252,נסים,,φευγοντες
Nah,2,9,253,•^[Element 'added' in the Greek (plus in the LXX).],,ουκ
Nah,2,9,254,עמדו עמדו,,"εστησαν •^[Hebrew counterpart lacking in the LXX (minus in the LXX).] •^[Questionable notation, equivalent, etc.]"
Nah,2,9,255,ואין,,και ουκ ην
Nah,2,9,256,מפנה,,ο επιβλεπων
Nah,2,10,257,בזו •^[Difference in vocalization (reading).],,διηρπαζον
Nah,2,10,258,כסף,,το αργυριον
Nah,2,10,259,בזו •^[Difference in vocalization (reading).],,διηρπαζον
Nah,2,10,260,זהב,,το χρυσιον
Nah,2,10,261,ואין,,και ουκ ην
Nah,2,10,262,קצה,,περας
Nah,2,10,263,לתכונה,,του κοσμου αυτης
Nah,2,10,264,כבד,,βεβαρυνται
Nah,2,10,265,מכל,,υπερ παντα
Nah,2,10,266,כלי,,τα σκευη
Nah,2,10,267,חמדה,,τα επιθυμητα αυτης
Nah,2,11,268,בוקה •^[Etymological exegesis.] בקק,,εκτιναγμος
Nah,2,11,269,ומבוקה •^[Etymological exegesis.] בקק,,και ανατιναγμος
Nah,2,11,270,ומבלקה,,και εκβρασμος
Nah,2,11,271,ולב,,και καρδιας
Nah,2,11,272,נמס,,θραυσμος
Nah,2,11,273,ופק,,και υπολυσις
Nah,2,11,274,ברכים,,γονατων
Nah,2,11,275,וחלחלה,,και ωδινες
Nah,2,11,276,בכל,,επι πασαν
Nah,2,11,277,מתנים,,οσφυν
Nah,2,11,278,ופני,,και το προσωπον
Nah,2,11,279,כלם,,παντων
Nah,2,11,280,קבצו,,ως προσκαυμα
Nah,2,11,281,פארור,פרור,χυτρας
Nah,2,12,282,איה,,που εστιν
Nah,2,12,283,מעון,,το κατοικητηριον
Nah,2,12,284,אריות,,των λεοντων
Nah,2,12,285,ומרעה,,και η νομη
Nah,2,12,286,הוא •^[Etymological exegesis.] היה,,η ουσα
Nah,2,12,287,לכפרים,,τοις σκυμνοις
Nah,2,12,288,אשר,,ου
Nah,2,12,289,הלך,,επορευθη
Nah,2,12,290,אריה,,λεων
Nah,2,12,291,לביא,לבוא .yw,του εισελθειν
Nah,2,12,292,שם,,εκει
Nah,2,12,293,גור,,σκυμνος
Nah,2,12,294,אריה,,λεοντος
Nah,2,12,295,ואין,,και ουκ ην
Nah,2,12,296,מחריד,,ο εκφοβων
Nah,2,13,297,אריה,,λεων
Nah,2,13,298,טרף,,ηρπασεν
Nah,2,13,299,בדי,,τα ικανα
Nah,2,13,300,גרותיו,,τοις σκυμνοις αυτου
Nah,2,13,301,ומחנק,,και απεπνιξεν
Nah,2,13,302,ללבאתיו,,τοις λεουσιν αυτου
Nah,2,13,303,וימלא,,και επλησεν
Nah,2,13,304,טרף,,θηρας
Nah,2,13,305,חריו,,νοσσιαν αυτου
Nah,2,13,306,ומענתיו,,και το κατοικητηριον αυτου
Nah,2,13,307,טרפה,,αρπαγης
Nah,2,14,308,הנני,,ιδου εγω
Nah,2,14,309,אליך,,επι σε
Nah,2,14,310,נאם,,λεγει
Nah,2,14,311,יהוה,,κυριος
Nah,2,14,312,צבאות,,παντοκρατωρ
Nah,2,14,313,והבערתי,,και εκκαυσω
Nah,2,14,314,בעשן,,εν καπνω
Nah,2,14,315,רכבה •^[Etymological exegesis.] רב,,πληθος σου
Nah,2,14,316,וכפיריך,,και τους λεοντας σου
Nah,2,14,317,תאכל,,καταφαγεται
Nah,2,14,318,חרב,,ρομφαια
Nah,2,14,319,והכרתי,,και εξολεθρευσω
Nah,2,14,320,מארץ,,εκ της γης
Nah,2,14,321,טרפך,,την θηραν σου
Nah,2,14,322,ולא,,και ου μη
Nah,2,14,323,ישמע,,ακουσθη
Nah,2,14,324,"•^[Equivalent reflected elsewhere in the text, disregarded by indexing program.] לא עוד",,ουκετι
Nah,2,14,325,קול,,•^[Hebrew counterpart lacking in the LXX (minus in the LXX).]
Nah,2,14,326,מלאככה,מלאכתכה .kt,τα εργα σου
Nah,3,1,327,הוי,,ω
Nah,3,1,328,עיר,,πολις
Nah,3,1,329,דמים,,αιματων
Nah,3,1,330,כלה,,ολη
Nah,3,1,331,כחש,,ψευδης
Nah,3,1,332,פרק,,αδικιας
Nah,3,1,333,מלאה,,πληρης
Nah,3,1,334,לא,,ου
Nah,3,1,335,ימיש •^[Etymological exegesis.],,ψηλαφηθησεται
Nah,3,1,336,טרף,,θηρα
Nah,3,2,337,קול,,φωνη
Nah,3,2,338,שוט,,μαστιγων
Nah,3,2,339,וקול,,και φωνη
Nah,3,2,340,רעש,,σεισμου
Nah,3,2,341,אופן,,τροχων
Nah,3,2,342,וסוס,,και ιππου
Nah,3,2,343,דהר,,διωκοντος
Nah,3,2,344,ומרכבה,,και αρματος
Nah,3,2,345,מרקדה,,αναβρασσοντος
Nah,3,3,346,פרש,,και ιππεως
Nah,3,3,347,מעלה,,αναβαινοντος
Nah,3,3,348,ולהב,,και στιλβουσης
Nah,3,3,349,חרב,,ρομφαιας
Nah,3,3,350,וברק,,και εξαστραπτοντων
Nah,3,3,351,חנית,,οπλων
Nah,3,3,352,ורב,,και πληθους
Nah,3,3,353,חלל,,τραυματιων
Nah,3,3,354,וכבד,,και βαρειας
Nah,3,3,355,פגר,,πτωσεως
Nah,3,3,356,ואין,,και ουκ ην
Nah,3,3,357,קצה,,περας
Nah,3,3,358,לגויה •^[Etymological exegesis.] גוי,,τοις εθνεσιν αυτης
Nah,3,3,359,*יכשלו **וכשלו •^[Agreement of LXX with qere.],,και ασθενησουσιν
Nah,3,3,360,בגויתם,,εν τοις σωμασιν αυτων
Nah,3,4,361,מרב,,απο πληθους
Nah,3,4,362,זנוני,,πορνειας
Nah,3,4,363,זונה,,πορνη
Nah,3,4,364,טובת,,καλη
Nah,3,4,365,חן,,και επιχαρης
Nah,3,4,366,בעלת,,ηγουμενη
Nah,3,4,367,כשפים,,φαρμακων
Nah,3,4,368,המכרת,,η πωλουσα
Nah,3,4,369,גוים,,εθνη
Nah,3,4,370,בזנוניה,,εν τη πορνεια αυτης
Nah,3,4,371,ומשפחות,,και φυλας
Nah,3,4,372,בכשפיה,,εν τοις φαρμακοις αυτης
Nah,3,5,373,הנני,,ιδου εγω
Nah,3,5,374,אליך,,επι σε
Nah,3,5,375,נאם,,λεγει
Nah,3,5,376,יהוה,,κυριος
Nah,3,5,377,•^[Element 'added' in the Greek (plus in the LXX).],,ο θεος
Nah,3,5,378,צבאות,,ο παντοκρατωρ
Nah,3,5,379,וגליתי,,και αποκαλυψω
Nah,3,5,380,שוליך,,τα οπισω σου
Nah,3,5,381,על,,επι
Nah,3,5,382,פניך,,το προσωπον σου
Nah,3,5,383,והראיתי,,και δειξω
Nah,3,5,384,גוים,,εθνεσιν
Nah,3,5,385,מערך,,την αισχυνην σου
Nah,3,5,386,וממלכות,,και βασιλειαις
Nah,3,5,387,קלונך,,την ατιμιαν σου
Nah,3,6,388,והשלכתי,,και επιρριψω
Nah,3,6,389,עליך,,επι σε
Nah,3,6,390,שקצים,,βδελυγμον
Nah,3,6,391,ונבלתיך,,κατα τας ακαθαρσιας σου
Nah,3,6,392,ושמתיך,,και θησομαι σε
Nah,3,6,393,כראי,,εις παραδειγμα
Nah,3,7,394,והיה,,και εσται
Nah,3,7,395,כל,,πας
Nah,3,7,396,ראיך,,ο ορων σε
Nah,3,7,397,ידוד,"•^[Questionable notation, equivalent, etc.] @ירד .dr",αποπηδησεται
Nah,3,7,398,ממך,,απο σου
Nah,3,7,399,ואמר,,και ερει
Nah,3,7,400,שדדה,,δειλαια
Nah,3,7,401,נינוה,,νινευη
Nah,3,7,402,מי,,τις
Nah,3,7,403,ינוד,,στεναξει
Nah,3,7,404,לה,,αυτην
Nah,3,7,405,מאין,,ποθεν
Nah,3,7,406,אבקש,,ζητησω
Nah,3,7,407,מנחמים,"•^[Questionable notation, equivalent, etc.] נחמים",παρακλησιν
Nah,3,7,408,לך,,αυτη
Nah,3,8,409,"•^[Equivalent reflected elsewhere in the text, disregarded by indexing program.]",,ετοιμασαι
Nah,3,8,410,"•^[Equivalent reflected elsewhere in the text, disregarded by indexing program.]",,μεριδα
Nah,3,8,411,"•^[Equivalent reflected elsewhere in the text, disregarded by indexing program.]",,αρμοσαι
Nah,3,8,412,•^[Element 'added' in the Greek (plus in the LXX).],,χορδην
Nah,3,8,413,התיטבי,,"•^[Equivalent reflected elsewhere in the text, disregarded by indexing program.] ετοιμασαι •^[Reference to doublet (occurring between the two elements of the doublet.] ετοιμασαι"
Nah,3,8,414,מנא •^[Etymological exegesis.] מנה .אh,,"•^[Equivalent reflected elsewhere in the text, disregarded by indexing program.] μεριδα •^[Reference to doublet (occurring between the two elements of the doublet.] μεριδα"
Nah,3,8,415,אמון,,"•^[Equivalent reflected elsewhere in the text, disregarded by indexing program.] αρμοσαι •^[Reference to doublet (occurring between the two elements of the doublet.] αμων"
Nah,3,8,416,הישבה,,η κατοικουσα
Nah,3,8,417,ביארים,,εν ποταμοις
Nah,3,8,418,מים,,υδωρ
Nah,3,8,419,סביב,,κυκλω
Nah,3,8,420,לה,,αυτης
Nah,3,8,421,אשר,,ης
Nah,3,8,422,חיל,,η αρχη
Nah,3,8,423,ים,,θαλασσα
Nah,3,8,424,מים •^[Etymological exegesis.] מים •^[Difference in vocalization (reading).],,και υδωρ
Nah,3,8,425,חומתה,,τα τειχη αυτης
Nah,3,9,426,כוש,,και αιθιοπια
Nah,3,9,427,עצמה,עצמה •^[Difference in vocalization (reading).],η ισχυς αυτης
Nah,3,9,428,ומצרים,,και αιγυπτος
Nah,3,9,429,ואין,,και ουκ εστιν
Nah,3,9,430,קצה,,περας
Nah,3,9,431,"פוט •^[Etymological exegesis.] •^[Questionable notation, equivalent, etc.] פלט .wl",,της φυγης
Nah,3,9,432,ולובים,,και λιβυες
Nah,3,9,433,היו,,εγενοντο
Nah,3,9,434,בעזרתך,,βοηθοι αυτης
Nah,3,10,435,גם,,και
Nah,3,10,436,היא,,αυτη
Nah,3,10,437,לגלה,,εις μετοικεσιαν
Nah,3,10,438,הלכה,,πορευσεται
Nah,3,10,439,בשבי,,αιχμαλωτος
Nah,3,10,440,גם,,και
Nah,3,10,441,עלליה,,τα νηπια αυτης
Nah,3,10,442,ירטשו,,εδαφιουσιν
Nah,3,10,443,בראש,,επ' αρχας
Nah,3,10,444,כל,,πασων
Nah,3,10,445,חוצות,,των οδων αυτης
Nah,3,10,446,ועל,,και επι
Nah,3,10,447,•^[Element 'added' in the Greek (plus in the LXX).],,παντα
Nah,3,10,448,נכבדיה,,τα ενδοξα αυτης
Nah,3,10,449,ידו,,βαλουσιν
Nah,3,10,450,גורל,,κληρους
Nah,3,10,451,וכל,,και παντες
Nah,3,10,452,גדוליה,,οι μεγιστανες αυτης
Nah,3,10,453,רתקו,,δεθησονται
Nah,3,10,454,בזקים,,χειροπεδαις
Nah,3,11,455,גם,,και
Nah,3,11,456,את,,συ
Nah,3,11,457,תשכרי,,μεθυσθηση
Nah,3,11,458,תהי,,και εση
Nah,3,11,459,נעלמה,,υπερεωραμενη
Nah,3,11,460,גם,,και
Nah,3,11,461,את,,συ
Nah,3,11,462,תבקשי,,ζητησεις
Nah,3,11,463,•^[Element 'added' in the Greek (plus in the LXX).],,σεαυτη
Nah,3,11,464,מעוז,,στασιν
Nah,3,11,465,מאויב,,εξ εχθρων
Nah,3,12,466,כל,,παντα
Nah,3,12,467,מבצריך,,τα οχυρωματα σου
Nah,3,12,468,תאנים,,συκαι
Nah,3,12,469,עם,,{..εχουσαι}
Nah,3,12,470,בכורים,,σκοπους
Nah,3,12,471,"•^[Equivalent reflected elsewhere in the text, disregarded by indexing program.]",,εχουσαι
Nah,3,12,472,אם,,εαν
Nah,3,12,473,ינועו,,σαλευθωσιν
Nah,3,12,474,ונפלו,,και πεσουνται
Nah,3,12,475,על,,εις
Nah,3,12,476,פי,,στομα
Nah,3,12,477,אוכל,,εσθοντος
Nah,3,13,478,הנה,,ιδου
Nah,3,13,479,עמך,,ο λαος σου
Nah,3,13,480,"•^[Equivalent reflected elsewhere in the text, disregarded by indexing program.]",,ως
Nah,3,13,481,נשים,,•^[Preposition added in the LXX in accordance with the rules of the Greek language or translational habits.] ως γυναικες
Nah,3,13,482,בקרבך,,εν σοι
Nah,3,13,483,לאיביך,,τοις εχθροις σου
Nah,3,13,484,פתוח {!}p,,ανοιγομεναι
Nah,3,13,485,נפתחו {!}p,,ανοιχθησονται
Nah,3,13,486,שערי,,πυλαι
Nah,3,13,487,ארצך,,της γης σου
Nah,3,13,488,אכלה,,και καταφαγεται
Nah,3,13,489,אש,,πυρ
Nah,3,13,490,בריחיך,,τους μοχλους σου
Nah,3,14,491,מי,,υδωρ
Nah,3,14,492,מצור,,περιοχης
Nah,3,14,493,שאבי,,επισπασαι
Nah,3,14,494,לך,,σεαυτη
Nah,3,14,495,חזקי,,και κατακρατησον
Nah,3,14,496,מבצריך,,των οχυρωματων σου
Nah,3,14,497,באי,,εμβηθι
Nah,3,14,498,בטיט,,εις πηλον
Nah,3,14,499,ורמסי,,και συμπατηθητι
Nah,3,14,500,בחמר,,εν αχυροις
Nah,3,14,501,החזיקי,,κατακρατησον
Nah,3,14,502,מלבן,מלבנה •^[Difference in vocalization (reading).] •^[Etymological exegesis.],υπερ πλινθον
Nah,3,15,503,שם,,εκει
Nah,3,15,504,תאכלך,,καταφαγεται σε
Nah,3,15,505,אש,,πυρ
Nah,3,15,506,תכריתך,,εξολεθρευσει σε
Nah,3,15,507,חרב,,ρομφαια
Nah,3,15,508,תאכלך,,καταφαγεται σε
Nah,3,15,509,כילק,,ως ακρις
Nah,3,15,510,התכבד,,•^[Hebrew counterpart lacking in the LXX (minus in the LXX).]
Nah,3,15,511,כילק,,•^[Hebrew counterpart lacking in the LXX (minus in the LXX).]
Nah,3,15,512,התכבדי,,και βαρυνθηση
Nah,3,15,513,כארבה,,ως βρουχος
Nah,3,16,514,הרבית,,επληθυνας
Nah,3,16,515,רכליך,,τας εμποριας σου
Nah,3,16,516,מכוכבי,,υπερ τα αστρα
Nah,3,16,517,השמים,,του ουρανου
Nah,3,16,518,ילק,,βρουχος
Nah,3,16,519,פשט,,ωρμησεν
Nah,3,16,520,ויעף,,και εξεπετασθη •^[Reference to doublet (occurring between the two elements of the doublet.] εξηλατο [17]
Nah,3,17,521,מנזריך,,•^[Hebrew counterpart lacking in the LXX (minus in the LXX).]
Nah,3,17,522,כארבה,,ως αττελεβος
Nah,3,17,523,וטפסריך,,ο συμμικτος σου
Nah,3,17,524,כגוב גבי,,"ως ακρις •^[Hebrew counterpart lacking in the LXX (minus in the LXX).] •^[Questionable notation, equivalent, etc.]"
Nah,3,17,525,החונים,,επιβεβηκυια
Nah,3,17,526,בגדרות,,επι φραγμον
Nah,3,17,527,ביום,,εν ημεραις
Nah,3,17,528,קרה,קרח .hx,παγους
Nah,3,17,529,שמש,,ο ηλιος
Nah,3,17,530,זרחה,,ανετειλεν
Nah,3,17,531,ונודד,,και αφηλατο
Nah,3,17,532,ולא,,και ουκ
Nah,3,17,533,נודע,,εγνω
Nah,3,17,534,מקומו,,τον τοπον αυτης
Nah,3,17,535,אים,אוי להם,ουαι αυτοις
Nah,3,18,536,נמו,,ενυσταξαν
Nah,3,18,537,רעיך,,οι ποιμενες σου
Nah,3,18,538,מלך,,βασιλευς
Nah,3,18,539,אשור,,ασσυριος
Nah,3,18,540,ישכנו,,εκοιμισεν
Nah,3,18,541,אדיריך,,τους δυναστας σου
Nah,3,18,542,נפשו,,απηρεν
Nah,3,18,543,עמך,,ο λαος σου
Nah,3,18,544,על,,επι
Nah,3,18,545,ההרים,,τα ορη
Nah,3,18,546,ואין,,και ουκ ην
Nah,3,18,547,מקבץ,,ο εκδεχομενος
Nah,3,19,548,אין,,ουκ εστιν
Nah,3,19,549,כהה,,ιασις
Nah,3,19,550,לשברך,,τη συντριβη σου
Nah,3,19,551,נחלה,,εφλεγμανεν
Nah,3,19,552,מכתך,,η πληγη σου
Nah,3,19,553,כל,,παντες
Nah,3,19,554,שמעי,,οι ακουοντες
Nah,3,19,555,שמעך,,την αγγελιαν σου
Nah,3,19,556,תקעו,,κροτησουσιν
Nah,3,19,557,כף,,χειρας
Nah,3,19,558,עליך,,επι σε
Nah,3,19,559,כי,,διοτι
Nah,3,19,560,על מי,,επι τινα
Nah,3,19,561,לא,,ουκ
Nah,3,19,562,עברה,,επηλθεν
Nah,3,19,563,רעתך,,η κακια σου
Nah,3,19,564,תמיד,,δια παντος
